Student_ID,Name,Department,Semester,CGPA,Attendance,Marks
101000,Diya Joshi,EEE,2,4.17,91.6,14
100999,Rohan Verma,ECE,3,5.03,83.16,71
100998,Aarav Gupta,EEE,5,3.73,48.49,43
100997,Sneha Patel,ME,6,0.96,58.0,18
100996,Aditya Singh,ECE,2,5.99,16.71,41
100995,Vikram Kumar,CSE,5,2.92,63.89,9
100994,Rohan Kumar,CE,3,3.57,5.29,46
100993,Isha Verma,ME,1,8.45,16.28,7
100992,Diya Kumar,EEE,8,5.66,86.83,80
100991,Rohan Jha,ECE,1,1.19,27.72,8
100990,Kabir Patel,CE,2,6.54,89.27,53
100989,Diya Patel,CE,8,2.25,79.12,19
100988,Priya Gupta,CE,5,5.54,4.22,38
100987,Vikram Gupta,EEE,8,7.1,75.52,17
100986,Sneha Verma,EEE,7,0.88,40.95,34
100985,Vikram Reddy,ECE,2,1.44,30.32,67
100984,Ananya Singh,CE,7,8.04,28.86,93
100983,Sneha Sharma,ME,6,3.51,97.75,71
100982,Aarav Kumar,CE,3,7.16,42.76,49
100981,Ananya Joshi,CE,4,4.9,60.32,65
100980,Aditya Singh,ME,4,0.23,53.84,57
100979,Isha Kumar,CSE,6,0.55,64.13,74
100978,Aarav Gupta,EEE,2,3.08,40.16,28
100977,Diya Gupta,EEE,8,3.39,11.23,61
100976,Sneha Gupta,CSE,6,6.47,29.56,37
100975,Kabir Verma,CSE,7,9.31,76.85,58
100974,Sneha Kumar,ECE,6,4.48,97.55,68
100973,Isha Patel,ME,3,2.05,70.71,85
100972,Rohan Gupta,ECE,2,0.41,31.66,16
100971,Aditya Patel,ECE,3,8.39,69.29,85
100970,Rohan Kumar,ME,8,9.56,61.86,20
100969,Rohan Patel,ECE,8,3.72,28.81,6
100968,Sneha Jha,EEE,8,4.58,56.73,39
100967,Ananya Sharma,ECE,6,4.12,34.28,82
100966,Isha Kumar,CE,8,7.38,2.15,24
100965,Priya Joshi,CSE,5,4.17,68.24,16
100964,Ananya Verma,ECE,5,1.12,14.8,19
100963,Ananya Singh,CE,2,0.8,89.79,36
100962,Aditya Verma,CE,5,4.52,36.81,86
100961,Vikram Patel,CSE,2,3.73,45.24,64
100960,Diya Singh,ECE,6,3.53,26.74,87
100959,Sneha Singh,EEE,2,6.49,73.74,96
100958,Sneha Kumar,ECE,2,5.61,77.36,17
100957,Aditya Kumar,CSE,2,3.83,46.54,5
100956,Aditya Rao,ECE,2,6.2,33.57,7
100955,Sneha Joshi,CSE,5,4.26,26.98,78
100954,Rohan Kumar,CE,1,8.6,7.07,88
100953,Diya Sharma,CE,8,7.72,87.42,51
100952,Aarav Jha,ME,3,7.03,85.79,95
100951,Vikram Singh,ECE,6,2.96,64.76,11
100950,Isha Jha,ECE,2,5.58,1.24,93
100949,Aditya Sharma,CE,7,4.79,79.8,12
100948,Rohan Rao,CSE,7,9.8,4.01,60
100947,Priya Singh,ME,7,5.79,89.18,75
100946,Priya Rao,CE,8,2.79,73.0,94
100945,Rohan Rao,EEE,4,0.86,85.7,62
100944,Sneha Singh,ME,3,7.9,63.8,78
100943,Aarav Patel,ECE,2,8.52,45.86,21
100942,Priya Kumar,ME,4,3.36,3.21,72
100941,Rohan Singh,EEE,8,1.78,37.35,58
100940,Vikram Singh,CSE,8,5.85,5.43,55
100939,Priya Verma,ME,4,0.98,73.77,25
100938,Diya Rao,ME,7,1.99,67.69,41
100937,Aarav Jha,EEE,2,0.71,23.53,56
100936,Isha Sharma,CSE,1,9.25,17.59,100
100935,Sneha Patel,ECE,7,2.51,61.68,97
100934,Isha Jha,ECE,3,6.7,4.31,82
100933,Priya Jha,ECE,5,0.53,11.27,19
100932,Aditya Verma,EEE,6,8.63,98.68,64
100931,Ananya Patel,ME,7,0.05,23.56,15
100930,Priya Gupta,EEE,1,5.96,71.72,78
100929,Isha Gupta,ECE,3,6.4,52.31,52
100928,Rohan Verma,EEE,5,4.16,80.74,98
100927,Diya Reddy,ECE,1,8.8,8.07,0
100926,Aditya Gupta,CE,4,9.26,4.07,12
100925,Ananya Verma,ME,3,7.58,16.81,47
100924,Aditya Gupta,ME,4,7.64,59.31,42
100923,Priya Reddy,ME,7,3.24,97.59,73
100922,Ananya Verma,CSE,8,5.95,61.56,8
100921,Rohan Sharma,ME,2,4.56,17.07,75
100920,Aarav Jha,EEE,1,2.43,64.88,1
100919,Rohan Rao,ECE,2,0.37,14.16,83
100918,Ananya Singh,EEE,8,9.4,87.02,68
100917,Aarav Sharma,ME,1,3.38,72.1,51
100916,Isha Reddy,CSE,5,5.0,96.5,57
100915,Priya Gupta,CSE,4,0.25,99.64,30
100914,Vikram Verma,ME,8,0.85,63.28,94
100913,Kabir Singh,ECE,1,9.68,66.07,38
100912,Ananya Kumar,EEE,6,0.8,45.96,98
100911,Isha Verma,EEE,6,3.33,30.28,7
100910,Ananya Joshi,ECE,1,3.84,68.93,99
100909,Isha Jha,CE,7,8.44,78.09,100
100908,Vikram Patel,ECE,6,9.05,57.46,65
100907,Kabir Jha,CSE,8,1.49,64.03,4
100906,Ananya Jha,ME,2,0.35,7.04,93
100905,Rohan Jha,CSE,3,5.41,43.13,78
100904,Rohan Jha,CSE,8,9.79,20.07,50
100903,Aarav Reddy,CE,6,9.96,25.82,33
100902,Isha Patel,CE,6,2.57,78.07,35
100901,Diya Gupta,CSE,3,2.53,46.7,9
100900,Priya Rao,CSE,2,0.86,60.47,48
100899,Kabir Patel,ECE,1,0.24,9.19,76
100898,Aarav Reddy,CSE,2,6.85,35.15,92
100897,Aditya Kumar,ECE,6,5.48,67.28,8
100896,Diya Reddy,CE,4,7.34,58.87,24
100895,Diya Patel,ME,5,2.67,9.83,83
100894,Sneha Joshi,CSE,2,9.18,63.74,55
100893,Rohan Joshi,CE,1,2.89,79.73,48
100892,Isha Joshi,ECE,7,6.84,39.01,33
100891,Aarav Patel,CSE,1,1.68,39.87,38
100890,Vikram Singh,CE,3,2.11,73.44,44
100889,Ananya Gupta,EEE,3,8.38,75.28,52
100888,Kabir Singh,CE,3,7.99,86.2,43
100887,Ananya Rao,ECE,3,6.59,36.98,22
100886,Kabir Patel,ECE,5,2.75,25.7,94
100885,Diya Sharma,ME,8,0.83,50.56,100
100884,Isha Rao,ECE,1,6.56,29.18,94
100883,Kabir Gupta,CSE,5,7.27,56.37,7
100882,Aditya Jha,EEE,6,4.21,96.06,37
100881,Kabir Rao,CSE,6,5.35,1.08,58
100880,Ananya Singh,CE,2,6.84,53.92,74
100879,Ananya Gupta,EEE,5,4.65,7.82,78
100878,Aarav Rao,CE,6,1.13,48.15,88
100877,Priya Joshi,ME,7,9.27,57.64,4
100876,Vikram Kumar,ECE,3,4.25,0.74,63
100875,Diya Reddy,EEE,3,4.54,42.41,57
100874,Isha Reddy,ECE,2,1.37,80.59,58
100873,Rohan Patel,ECE,3,0.12,64.84,18
100872,Isha Gupta,ECE,7,8.43,36.03,53
100871,Sneha Reddy,CE,7,4.35,21.12,22
100870,Ananya Patel,CSE,4,4.32,59.02,80
100869,Sneha Joshi,CSE,1,7.03,82.08,45
100868,Diya Sharma,EEE,7,8.48,85.25,7
100867,Kabir Rao,ME,7,7.18,91.51,11
100866,Aditya Patel,CE,8,1.96,68.15,40
100865,Priya Gupta,EEE,1,7.57,66.09,57
100864,Ananya Rao,CE,6,4.94,66.02,11
100863,Aditya Verma,CE,3,3.08,40.58,76
100862,Priya Gupta,CSE,8,1.14,59.61,41
100861,Priya Rao,CE,7,5.67,34.22,88
100860,Priya Rao,ECE,3,9.74,38.38,43
100859,Sneha Joshi,CSE,5,5.33,40.08,52
100858,Diya Rao,ECE,2,4.06,71.43,13
100857,Ananya Kumar,CE,8,8.46,28.23,44
100856,Vikram Gupta,ME,6,4.53,3.03,60
100855,Isha Singh,ECE,3,8.61,61.69,46
100854,Isha Verma,CE,5,6.84,71.02,59
100853,Aditya Verma,CE,3,0.93,80.24,89
100852,Diya Jha,EEE,6,3.12,81.74,91
100851,Ananya Reddy,CSE,2,4.26,17.9,76
100850,Aditya Jha,CSE,3,0.29,90.33,6
100849,Kabir Rao,ECE,3,0.71,61.33,43
100848,Ananya Singh,EEE,6,5.49,27.11,90
100847,Rohan Gupta,ME,2,0.15,62.29,65
100846,Priya Patel,ME,6,7.73,67.11,34
100845,Kabir Sharma,EEE,5,6.39,20.98,25
100844,Ananya Kumar,CE,1,1.03,76.62,95
100843,Aditya Verma,CSE,5,9.32,68.71,76
100842,Sneha Gupta,CSE,3,2.05,3.66,49
100841,Rohan Singh,ME,8,7.32,52.36,99
100840,Aarav Singh,CSE,8,5.06,79.9,64
100839,Sneha Jha,ME,4,5.25,17.5,47
100838,Kabir Kumar,CSE,5,4.14,49.71,30
100837,Rohan Rao,EEE,7,1.87,11.68,100
100836,Ananya Gupta,ME,1,3.39,37.52,68
100835,Sneha Joshi,EEE,1,2.08,68.55,45
100834,Sneha Jha,CE,1,8.35,29.93,92
100833,Isha Jha,CSE,3,4.81,62.72,68
100832,Diya Rao,CSE,3,1.94,83.38,86
100831,Aditya Joshi,ME,1,1.14,33.33,50
100830,Priya Sharma,ECE,5,2.54,6.78,38
100829,Isha Verma,ECE,7,4.14,33.38,71
100828,Rohan Rao,ECE,5,9.79,0.16,3
100827,Sneha Gupta,EEE,8,5.2,63.19,63
100826,Kabir Reddy,EEE,6,2.6,57.51,79
100825,Diya Joshi,CSE,8,7.24,60.48,100
100824,Sneha Joshi,CE,4,6.96,61.21,13
100823,Vikram Joshi,CSE,5,4.71,12.2,35
100822,Aarav Verma,ME,6,3.69,37.89,8
100821,Kabir Rao,EEE,3,9.66,74.93,46
100820,Sneha Verma,CSE,2,4.17,17.82,86
100819,Sneha Sharma,ECE,1,6.67,83.8,38
100818,Priya Joshi,ME,4,0.49,14.83,83
100817,Diya Jha,CE,7,4.42,60.12,0
100816,Isha Jha,CE,1,6.08,49.35,27
100815,Rohan Verma,ECE,4,0.04,76.54,1
100814,Aarav Reddy,ME,5,7.3,96.1,36
100813,Rohan Kumar,EEE,3,1.62,14.46,98
100812,Aditya Reddy,EEE,3,3.79,38.06,98
100811,Rohan Verma,CSE,2,7.06,63.41,10
100810,Isha Rao,ECE,8,0.9,32.41,83
100809,Diya Joshi,ECE,7,4.14,45.09,22
100808,Aditya Gupta,CE,8,0.9,50.07,23
100807,Kabir Jha,ECE,7,2.94,91.9,88
100806,Aditya Sharma,ECE,5,4.4,88.44,99
100805,Priya Joshi,EEE,7,9.84,3.93,49
100804,Diya Joshi,EEE,1,5.21,45.16,5
100803,Aarav Rao,CE,6,3.94,93.91,73
100802,Diya Jha,ME,8,8.88,42.76,99
100801,Kabir Reddy,ECE,4,7.58,6.61,56
100800,Rohan Gupta,ECE,4,0.32,76.45,1
100799,Aditya Rao,CE,6,1.84,38.75,60
100798,Priya Singh,CSE,6,0.79,77.98,17
100797,Rohan Sharma,EEE,5,6.06,61.24,76
100796,Vikram Patel,CE,5,1.52,18.79,16
100795,Ananya Gupta,ME,3,7.27,76.54,52
100794,Rohan Reddy,ECE,3,3.17,55.73,92
100793,Diya Joshi,ECE,3,3.09,70.51,67
100792,Kabir Rao,ME,8,5.42,20.68,17
100791,Ananya Reddy,EEE,4,4.17,57.29,54
100790,Aditya Patel,ECE,3,3.42,39.28,17
100789,Kabir Sharma,ME,7,8.9,81.49,3
100788,Aarav Kumar,ME,6,6.25,23.62,64
100787,Aarav Sharma,ECE,5,3.34,39.34,20
100786,Aditya Verma,ECE,4,5.01,45.8,91
100785,Priya Reddy,EEE,2,9.04,48.47,76
100784,Kabir Kumar,CSE,1,2.92,88.34,49
100783,Diya Patel,CSE,8,6.55,0.83,49
100782,Aarav Reddy,EEE,1,2.55,6.01,25
100781,Aditya Patel,EEE,8,6.23,99.23,88
100780,Isha Sharma,ME,4,7.4,21.19,69
100779,Rohan Patel,CSE,6,6.94,11.13,57
100778,Priya Kumar,ECE,2,1.12,5.45,79
100777,Diya Jha,EEE,3,4.4,92.42,29
100776,Priya Kumar,ME,1,7.7,16.93,44
100775,Sneha Rao,CSE,2,6.72,42.35,44
100774,Diya Singh,EEE,4,2.42,26.63,55
100773,Aditya Reddy,ECE,3,4.81,19.81,50
100772,Sneha Verma,CE,1,5.48,26.26,51
100771,Aditya Verma,ECE,7,2.9,39.43,16
100770,Priya Gupta,CSE,7,9.71,75.28,73
100769,Kabir Joshi,CSE,6,5.4,14.96,64
100768,Vikram Verma,ECE,1,6.34,63.22,6
100767,Diya Reddy,CSE,1,9.22,33.44,55
100766,Rohan Jha,EEE,2,5.95,30.04,93
100765,Diya Reddy,EEE,4,7.34,72.36,61
100764,Rohan Patel,ME,4,2.33,81.11,11
100763,Kabir Joshi,EEE,3,0.94,46.04,19
100762,Aarav Patel,ECE,4,8.56,2.17,88
100761,Aarav Patel,EEE,1,5.18,99.34,38
100760,Aditya Patel,ME,8,4.47,39.71,92
100759,Vikram Reddy,ME,4,5.63,21.39,98
100758,Diya Jha,ME,6,5.5,99.69,47
100757,Rohan Gupta,EEE,7,5.05,65.75,68
100756,Ananya Rao,ME,8,7.03,42.71,13
100755,Priya Joshi,ECE,3,5.58,55.81,95
100754,Priya Joshi,CSE,2,7.25,53.17,24
100753,Diya Patel,EEE,1,7.34,83.45,9
100752,Aarav Kumar,EEE,7,8.22,79.42,7
100751,Ananya Sharma,ECE,8,9.28,83.21,59
100750,Isha Joshi,EEE,5,0.49,22.07,91
100749,Isha Singh,CSE,1,5.71,83.63,84
100748,Aditya Verma,CSE,3,1.79,3.13,13
100747,Rohan Rao,ME,6,4.1,32.2,12
100746,Ananya Joshi,CE,4,5.24,49.75,70
100745,Rohan Sharma,EEE,6,7.76,23.88,92
100744,Kabir Joshi,ME,8,0.01,63.8,48
100743,Sneha Jha,ME,3,0.69,15.5,37
100742,Isha Joshi,ME,8,1.9,18.66,44
100741,Aarav Reddy,ME,3,2.51,3.95,90
100740,Isha Singh,ME,6,8.06,43.87,24
100739,Aarav Sharma,ME,3,7.01,79.15,16
100738,Isha Verma,EEE,6,9.31,99.7,80
100737,Diya Jha,EEE,3,3.71,8.95,20
100736,Rohan Patel,EEE,2,3.96,24.31,5
100735,Sneha Sharma,ECE,2,2.36,43.42,1
100734,Aarav Joshi,EEE,2,2.53,63.85,25
100733,Priya Jha,CE,5,9.36,15.86,93
100732,Isha Singh,CSE,4,4.61,77.1,66
100731,Kabir Reddy,CSE,2,9.75,71.47,49
100730,Rohan Sharma,ME,7,0.71,47.01,24
100729,Kabir Jha,ME,8,6.97,3.17,10
100728,Aarav Singh,CSE,3,0.15,21.72,53
100727,Aditya Sharma,ECE,2,2.82,12.5,56
100726,Diya Jha,ME,8,1.88,1.94,6
100725,Vikram Singh,CSE,3,1.37,11.04,58
100724,Vikram Singh,EEE,5,2.85,74.29,34
100723,Vikram Singh,ECE,7,8.28,22.06,10
100722,Priya Sharma,EEE,6,1.89,88.22,55
100721,Isha Jha,ME,1,7.66,79.8,76
100720,Aarav Joshi,ECE,6,2.87,53.51,88
100719,Ananya Jha,ME,6,4.12,15.57,1
100718,Vikram Joshi,EEE,5,9.09,48.17,29
100717,Rohan Rao,EEE,8,6.31,63.59,72
100716,Isha Joshi,ME,8,1.35,94.85,69
100715,Rohan Sharma,CSE,6,8.6,32.52,60
100714,Kabir Singh,ECE,5,4.43,12.64,67
100713,Ananya Patel,EEE,3,0.84,93.16,49
100712,Isha Joshi,CSE,1,7.71,52.4,10
100711,Priya Patel,CSE,4,1.67,10.3,8
100710,Diya Joshi,CE,7,1.67,85.42,16
100709,Kabir Rao,CE,5,8.88,78.1,46
100708,Ananya Gupta,ME,4,3.13,65.3,90
100707,Rohan Gupta,ME,7,6.31,57.16,9
100706,Aditya Jha,CE,2,3.81,28.65,80
100705,Priya Rao,EEE,3,9.79,28.46,41
100704,Sneha Sharma,CE,2,3.51,67.96,77
100703,Ananya Jha,ME,5,3.61,56.04,32
100702,Aarav Reddy,CSE,3,0.6,81.38,60
100701,Aditya Joshi,ME,8,3.0,56.21,72
100700,Rohan Gupta,CE,1,1.77,49.96,80
100699,Priya Verma,ME,4,5.55,85.63,25
100698,Sneha Kumar,CE,5,4.51,57.14,73
100697,Sneha Kumar,ECE,8,4.24,41.91,96
100696,Kabir Gupta,EEE,5,2.37,47.13,78
100695,Aarav Sharma,ECE,7,5.81,32.54,78
100694,Vikram Gupta,CE,2,6.98,46.01,88
100693,Aarav Joshi,CE,8,9.4,3.26,44
100692,Kabir Jha,ECE,5,3.98,75.02,16
100691,Aarav Jha,ME,6,4.92,98.54,73
100690,Ananya Verma,CSE,8,6.14,76.42,69
100689,Priya Singh,ECE,4,8.36,35.6,99
100688,Rohan Singh,CE,4,2.35,24.21,33
100687,Aditya Gupta,CE,6,3.54,89.43,34
100686,Priya Patel,CSE,7,6.74,82.11,9
100685,Priya Kumar,CE,6,5.17,0.97,33
100684,Isha Verma,ME,2,3.83,78.87,28
100683,Isha Singh,ME,8,6.82,89.65,3
100682,Aditya Patel,EEE,5,6.94,96.61,72
100681,Aditya Verma,EEE,2,5.03,34.0,14
100680,Diya Singh,CE,7,5.75,26.11,52
100679,Ananya Joshi,ME,6,3.47,81.55,28
100678,Vikram Reddy,EEE,4,5.18,73.69,8
100677,Priya Sharma,ECE,2,9.97,77.97,45
100676,Kabir Singh,CSE,4,6.15,67.4,46
100675,Isha Jha,CSE,4,8.51,93.08,66
100674,Aditya Patel,EEE,1,9.46,82.02,81
100673,Ananya Rao,CSE,7,9.31,40.06,83
100672,Ananya Gupta,CE,7,0.88,26.31,47
100671,Sneha Joshi,EEE,1,1.61,96.46,0
100670,Ananya Singh,CE,3,1.0,50.83,100
100669,Kabir Patel,EEE,6,7.74,39.81,17
100668,Priya Reddy,EEE,8,1.79,55.91,61
100667,Kabir Joshi,CE,6,6.12,99.18,50
100666,Sneha Reddy,ME,2,1.55,65.16,32
100665,Aarav Rao,EEE,2,5.2,37.5,26
100664,Kabir Rao,EEE,7,2.58,0.55,95
100663,Diya Verma,CE,3,2.55,76.59,10
100662,Priya Jha,CE,6,5.89,74.14,97
100661,Vikram Joshi,CE,6,8.75,69.76,54
100660,Ananya Verma,CE,3,9.02,53.93,0
100659,Isha Rao,EEE,1,8.78,53.14,96
100658,Aarav Singh,EEE,7,8.27,60.55,22
100657,Sneha Jha,EEE,2,2.3,38.55,13
100656,Diya Gupta,EEE,3,6.23,51.08,21
100655,Ananya Singh,CE,8,8.67,17.06,52
100654,Aditya Reddy,EEE,1,8.79,72.8,36
100653,Aditya Sharma,EEE,3,0.56,25.83,23
100652,Aarav Singh,CSE,3,5.73,16.11,80
100651,Ananya Jha,CE,8,2.11,16.12,52
100650,Rohan Gupta,ME,2,6.61,41.46,42
100649,Isha Gupta,ECE,2,5.15,28.08,19
100648,Sneha Kumar,CE,8,8.87,0.66,17
100647,Ananya Joshi,ME,7,9.73,22.29,51
100646,Aditya Patel,ME,3,3.77,37.85,75
100645,Vikram Jha,CE,1,0.4,64.85,13
100644,Kabir Kumar,ECE,1,6.69,51.79,46
100643,Rohan Jha,ME,1,2.19,48.76,8
100642,Priya Rao,ECE,3,4.46,17.91,72
100641,Rohan Jha,EEE,2,3.97,50.22,84
100640,Rohan Kumar,CE,4,8.91,58.96,37
100639,Diya Singh,CSE,5,5.43,99.87,60
100638,Ananya Sharma,EEE,1,8.13,57.89,98
100637,Rohan Joshi,ECE,5,7.34,62.66,93
100636,Isha Joshi,CSE,3,6.46,8.2,35
100635,Sneha Gupta,ME,8,4.63,35.87,39
100634,Aarav Kumar,ECE,4,7.12,64.08,35
100633,Kabir Rao,ECE,6,8.08,95.87,21
100632,Kabir Rao,CSE,4,3.18,45.06,78
100631,Diya Jha,ME,6,1.28,65.55,12
100630,Isha Joshi,CSE,5,6.72,25.07,25
100629,Priya Verma,ECE,1,8.51,93.24,70
100628,Sneha Singh,CE,3,1.61,22.08,32
100627,Vikram Joshi,EEE,2,3.05,74.83,92
100626,Sneha Sharma,EEE,3,1.23,0.5,76
100625,Aditya Patel,ECE,5,6.77,91.42,93
100624,Vikram Sharma,CE,3,5.33,13.64,50
100623,Ananya Patel,ME,2,2.82,92.67,48
100622,Diya Verma,EEE,1,7.01,7.26,64
100621,Vikram Reddy,ME,1,3.9,11.83,0
100620,Kabir Joshi,CSE,4,9.11,40.76,57
100619,Rohan Sharma,CE,6,0.38,7.32,22
100618,Vikram Verma,ECE,7,6.47,93.98,95
100617,Aditya Joshi,CSE,2,2.11,62.95,27
100616,Priya Kumar,EEE,2,9.48,16.74,98
100615,Sneha Joshi,EEE,8,4.87,29.64,83
100614,Vikram Patel,EEE,5,0.25,51.69,98
100613,Diya Rao,ECE,1,6.83,32.09,14
100612,Isha Joshi,CSE,2,6.69,44.57,82
100611,Sneha Kumar,ME,5,2.18,75.27,67
100610,Aditya Gupta,CE,7,0.92,22.12,27
100609,Ananya Kumar,EEE,4,9.57,52.06,100
100608,Sneha Rao,CSE,5,4.91,57.27,45
100607,Kabir Sharma,ME,8,7.1,15.48,19
100606,Vikram Sharma,CE,5,5.57,13.01,74
100605,Isha Gupta,CSE,3,9.62,73.51,15
100604,Isha Singh,ME,4,7.76,96.43,37
100603,Sneha Joshi,CSE,1,7.44,20.31,99
100602,Kabir Sharma,CE,7,4.17,78.81,87
100601,Aditya Singh,EEE,7,2.38,78.43,89
100600,Aarav Patel,ECE,1,3.59,45.26,78
100599,Aarav Singh,ME,3,9.84,68.34,18
100598,Kabir Reddy,CSE,2,0.25,14.53,85
100597,Isha Rao,EEE,7,6.74,89.39,68
100596,Rohan Gupta,EEE,6,7.1,76.08,71
100595,Aditya Singh,ECE,4,6.24,29.06,44
100594,Rohan Reddy,EEE,5,8.43,54.78,40
100593,Priya Patel,CE,6,9.7,45.28,17
100592,Diya Rao,ME,7,4.19,60.9,88
100591,Isha Joshi,ECE,3,7.3,12.84,49
100590,Isha Sharma,EEE,1,5.53,43.28,74
100589,Diya Verma,CE,8,6.58,95.62,17
100588,Priya Jha,ECE,6,1.08,41.45,81
100587,Vikram Verma,ME,4,1.88,93.02,50
100586,Aditya Joshi,ME,2,0.46,16.42,17
100585,Ananya Verma,ECE,1,3.41,82.99,37
100584,Aditya Rao,EEE,8,7.17,36.33,57
100583,Isha Kumar,ME,1,8.17,84.43,42
100582,Aarav Verma,EEE,5,8.9,56.23,83
100581,Ananya Jha,CSE,2,4.03,3.58,70
100580,Ananya Jha,CE,8,0.88,49.85,40
100579,Kabir Sharma,EEE,4,5.5,37.86,30
100578,Isha Jha,ECE,2,7.51,32.06,42
100577,Sneha Reddy,ECE,1,0.12,93.44,64
100576,Aditya Joshi,EEE,2,4.33,72.67,61
100575,Kabir Kumar,CSE,4,9.78,66.98,43
100574,Rohan Jha,CE,2,8.88,44.07,8
100573,Isha Gupta,EEE,7,7.79,61.14,87
100572,Rohan Sharma,ECE,2,4.16,59.08,72
100571,Kabir Reddy,CE,7,6.49,79.69,14
100570,Kabir Verma,ME,6,1.83,40.08,58
100569,Aarav Sharma,ECE,3,3.29,89.45,79
100568,Kabir Kumar,ME,7,7.39,9.5,97
100567,Kabir Patel,CE,1,1.0,17.47,5
100566,Ananya Joshi,CSE,2,9.05,64.43,58
100565,Aarav Sharma,CSE,2,8.35,66.9,19
100564,Aarav Joshi,CE,4,6.88,48.07,30
100563,Priya Patel,EEE,4,3.58,40.98,20
100562,Diya Verma,ME,2,7.85,49.77,77
100561,Aditya Patel,EEE,3,4.19,89.86,65
100560,Isha Gupta,ECE,1,3.01,66.17,84
100559,Aarav Sharma,CSE,7,4.44,12.36,32
100558,Vikram Patel,EEE,1,5.94,4.8,13
100557,Priya Sharma,EEE,3,1.23,71.11,4
100556,Priya Gupta,CE,1,2.28,72.72,16
100555,Sneha Reddy,ECE,6,9.96,49.02,96
100554,Ananya Sharma,ME,5,4.56,52.03,67
100553,Sneha Patel,ECE,2,3.84,58.87,21
100552,Aditya Singh,CSE,1,6.27,24.88,88
100551,Aarav Sharma,EEE,4,7.31,95.01,41
100550,Rohan Rao,CE,7,4.03,96.53,49
100549,Kabir Singh,ECE,3,4.9,76.36,11
100548,Ananya Jha,ME,3,3.13,5.8,57
100547,Priya Kumar,CE,8,1.43,86.24,23
100546,Vikram Joshi,ME,7,0.54,85.42,17
100545,Isha Sharma,EEE,2,4.72,19.45,15
100544,Kabir Reddy,ME,6,2.61,29.41,15
100543,Kabir Joshi,ECE,6,6.54,22.23,28
100542,Kabir Gupta,EEE,3,2.94,47.08,94
100541,Priya Kumar,ECE,8,9.07,67.19,64
100540,Kabir Reddy,CE,7,7.37,58.3,73
100539,Diya Reddy,ME,3,7.21,65.54,37
100538,Kabir Patel,ME,4,1.5,76.55,7
100537,Kabir Verma,CE,2,3.36,27.65,41
100536,Diya Verma,CSE,6,5.61,59.38,36
100535,Kabir Singh,CE,5,6.77,82.43,50
100534,Diya Patel,ME,7,8.95,85.16,58
100533,Aarav Jha,ECE,3,6.01,0.85,32
100532,Priya Singh,ECE,4,2.69,40.95,2
100531,Ananya Patel,CSE,7,0.5,85.38,99
100530,Aditya Kumar,ME,3,8.38,25.87,88
100529,Priya Kumar,CE,8,1.78,87.05,75
100528,Kabir Kumar,CE,7,6.35,12.39,3
100527,Aarav Singh,CSE,8,0.51,36.04,25
100526,Aditya Reddy,ECE,1,1.74,87.52,25
100525,Isha Joshi,ME,1,5.15,15.9,39
100524,Sneha Patel,CE,2,1.88,21.14,52
100523,Isha Verma,ECE,3,3.0,74.37,99
100522,Kabir Kumar,CSE,6,8.17,30.31,35
100521,Vikram Sharma,CE,6,6.91,4.93,60
100520,Isha Sharma,ECE,5,4.03,61.82,87
100519,Aditya Kumar,CE,5,3.83,48.56,77
100518,Diya Rao,CSE,2,5.63,10.1,36
100517,Isha Sharma,EEE,7,1.13,14.96,72
100516,Ananya Reddy,EEE,7,5.52,85.66,66
100515,Vikram Singh,ECE,5,3.2,72.71,8
100514,Rohan Singh,ECE,3,0.43,7.84,87
100513,Aarav Joshi,EEE,3,1.2,75.72,22
100512,Aditya Jha,EEE,4,4.76,7.9,91
100511,Vikram Rao,ECE,1,8.41,81.84,53
100510,Diya Sharma,ECE,2,0.86,34.38,69
100509,Rohan Jha,CSE,5,4.4,26.34,34
100508,Kabir Verma,EEE,7,1.85,88.55,47
100507,Kabir Verma,CE,2,3.08,39.75,62
100506,Ananya Patel,EEE,8,2.0,2.57,21
100505,Aarav Reddy,EEE,8,1.54,36.08,54
100504,Priya Reddy,EEE,5,6.61,29.74,12
100503,Aarav Reddy,ECE,7,1.57,10.13,26
100502,Vikram Gupta,CSE,2,3.38,98.53,61
100501,Kabir Sharma,ME,5,9.52,7.42,21
100500,Ananya Jha,EEE,4,1.63,7.37,4
100499,Vikram Gupta,CE,8,8.82,35.12,48
100498,Ananya Kumar,ME,2,7.2,4.81,56
100497,Sneha Gupta,CSE,6,4.47,26.52,31
100496,Diya Verma,CE,3,3.31,7.78,44
100495,Aarav Gupta,EEE,6,9.21,96.75,28
100494,Rohan Gupta,CSE,7,8.51,77.08,72
100493,Sneha Singh,EEE,3,3.78,73.4,37
100492,Vikram Jha,ME,3,7.07,56.2,78
100491,Vikram Rao,CSE,6,3.02,13.65,20
100490,Rohan Verma,EEE,6,9.61,37.36,84
100489,Rohan Kumar,ECE,6,0.6,14.77,90
100488,Priya Sharma,EEE,8,0.01,91.79,25
100487,Aditya Patel,ECE,8,0.38,5.62,77
100486,Aarav Kumar,EEE,3,5.63,18.82,63
100485,Rohan Singh,EEE,6,8.06,69.76,75
100484,Aarav Singh,EEE,7,3.55,83.92,22
100483,Ananya Singh,ECE,5,5.34,79.12,94
100482,Kabir Sharma,CE,6,7.67,99.96,20
100481,Kabir Gupta,CSE,6,5.97,2.93,99
100480,Isha Joshi,CE,6,9.13,50.24,49
100479,Aditya Singh,EEE,1,9.89,78.19,45
100478,Isha Sharma,CSE,5,3.83,41.92,82
100477,Aarav Rao,EEE,4,6.47,49.89,70
100476,Rohan Kumar,ECE,3,2.75,44.6,19
100475,Rohan Rao,CE,7,4.96,38.27,54
100474,Isha Gupta,CSE,6,1.23,94.23,6
100473,Diya Rao,ME,2,0.22,6.45,82
100472,Rohan Singh,CE,6,6.86,93.76,10
100471,Isha Verma,ECE,2,0.12,83.04,28
100470,Rohan Sharma,CE,8,5.56,55.01,12
100469,Ananya Singh,ME,7,5.13,67.72,33
100468,Ananya Gupta,ME,1,2.15,85.66,18
100467,Ananya Joshi,ME,4,4.52,46.33,15
100466,Diya Verma,ECE,2,1.64,46.61,52
100465,Isha Patel,ECE,2,9.44,13.61,98
100464,Kabir Patel,ME,7,7.01,73.54,40
100463,Ananya Rao,EEE,1,4.35,96.42,30
100462,Sneha Jha,CSE,2,5.05,63.72,50
100461,Kabir Verma,CSE,4,8.97,51.98,89
100460,Kabir Verma,ECE,4,4.2,96.12,18
100459,Aditya Kumar,CSE,6,0.01,65.73,94
100458,Priya Joshi,ECE,3,0.06,41.0,29
100457,Kabir Rao,ME,4,4.64,59.17,63
100456,Kabir Patel,ME,2,5.53,0.8,25
100455,Rohan Singh,EEE,1,9.54,6.89,59
100454,Kabir Verma,EEE,6,1.19,67.33,6
100453,Aditya Reddy,ECE,6,2.48,91.59,40
100452,Aarav Jha,ME,7,9.2,17.9,4
100451,Ananya Singh,EEE,1,0.44,86.29,31
100450,Rohan Kumar,ECE,5,7.73,89.43,86
100449,Diya Verma,CE,8,5.11,5.54,72
100448,Ananya Sharma,ME,7,2.72,6.39,91
100447,Aditya Joshi,ME,3,3.72,74.98,34
100446,Rohan Verma,CSE,3,7.01,16.38,44
100445,Ananya Jha,EEE,1,3.09,74.17,94
100444,Ananya Patel,CE,4,0.58,8.62,55
100443,Priya Gupta,EEE,6,3.91,63.43,83
100442,Aditya Joshi,EEE,3,2.77,30.99,65
100441,Vikram Joshi,ME,7,4.24,40.23,81
100440,Ananya Sharma,EEE,2,0.14,21.57,7
100439,Vikram Rao,CE,6,5.46,17.28,60
100438,Diya Verma,EEE,1,9.87,93.39,16
100437,Vikram Patel,CSE,4,4.95,11.27,63
100436,Kabir Sharma,ME,4,5.18,50.95,95
100435,Priya Patel,CSE,4,5.53,60.0,77
100434,Rohan Verma,EEE,7,3.52,42.94,17
100433,Priya Gupta,CE,8,8.6,8.67,12
100432,Rohan Verma,EEE,1,6.1,16.41,44
100431,Sneha Kumar,ME,3,3.83,81.34,17
100430,Isha Verma,ECE,7,0.89,80.6,13
100429,Aarav Sharma,ME,2,9.88,42.23,16
100428,Priya Jha,CSE,3,5.94,51.94,56
100427,Vikram Patel,ECE,7,6.55,70.37,0
100426,Sneha Patel,CSE,6,6.65,64.89,6
100425,Priya Gupta,ME,3,8.74,87.66,11
100424,Aarav Verma,ECE,8,4.57,99.18,54
100423,Isha Kumar,CSE,1,1.0,78.39,58
100422,Isha Patel,ME,5,3.38,57.79,72
100421,Isha Kumar,CSE,7,2.18,42.96,27
100420,Isha Kumar,EEE,1,8.69,84.72,11
100419,Ananya Reddy,EEE,5,6.95,87.73,58
100418,Vikram Jha,ECE,5,6.28,37.52,9
100417,Rohan Singh,ECE,6,8.28,76.15,86
100416,Ananya Gupta,CE,1,9.92,86.7,16
100415,Kabir Patel,EEE,5,9.52,51.44,86
100414,Diya Kumar,EEE,5,5.97,16.84,90
100413,Diya Reddy,ECE,3,7.85,81.35,7
100412,Isha Verma,ECE,4,8.11,58.79,44
100411,Priya Patel,CSE,8,2.63,86.22,11
100410,Sneha Joshi,CSE,8,5.46,98.98,13
100409,Diya Jha,EEE,2,5.73,26.79,69
100408,Kabir Sharma,ME,4,5.38,16.82,58
100407,Isha Jha,ECE,2,5.65,79.59,28
100406,Rohan Singh,CE,8,4.09,49.17,90
100405,Rohan Kumar,CE,1,8.66,95.18,62
100404,Vikram Gupta,CE,3,5.55,48.96,17
100403,Rohan Kumar,ECE,7,4.18,13.79,49
100402,Diya Rao,CSE,3,3.13,23.86,14
100401,Sneha Jha,EEE,3,8.14,70.6,38
100400,Aditya Kumar,EEE,7,6.11,58.7,44
100399,Rohan Kumar,ME,4,4.58,26.24,62
100398,Priya Singh,ME,2,5.77,79.95,68
100397,Vikram Reddy,CSE,4,4.5,42.96,0
100396,Aditya Reddy,CE,4,7.98,62.98,23
100395,Sneha Verma,ECE,4,5.16,55.19,42
100394,Isha Kumar,CSE,5,0.45,71.08,2
100393,Priya Joshi,CE,6,4.76,43.82,89
100392,Vikram Verma,CSE,3,3.48,34.31,100
100391,Diya Joshi,ECE,6,9.98,48.28,37
100390,Diya Rao,ECE,8,3.74,46.31,86
100389,Ananya Sharma,CSE,5,2.22,74.69,71
100388,Rohan Rao,CSE,7,9.67,33.16,55
100387,Aditya Rao,CSE,2,7.69,65.76,45
100386,Vikram Joshi,EEE,7,5.44,79.07,46
100385,Rohan Reddy,CE,2,4.49,59.79,74
100384,Ananya Reddy,CE,3,6.33,24.2,84
100383,Aditya Sharma,CE,4,4.38,29.13,88
100382,Sneha Verma,EEE,4,5.92,54.56,87
100381,Isha Rao,ECE,6,3.76,81.65,50
100380,Isha Kumar,ECE,7,9.69,29.14,88
100379,Vikram Rao,ECE,5,3.21,94.73,25
100378,Vikram Kumar,EEE,7,8.04,32.95,42
100377,Isha Rao,EEE,4,4.58,13.55,0
100376,Kabir Jha,CSE,6,2.52,24.66,80
100375,Kabir Patel,CE,3,0.63,43.47,53
100374,Ananya Joshi,ECE,3,6.85,16.95,34
100373,Diya Rao,ME,7,0.12,41.38,99
100372,Aditya Joshi,CE,2,0.26,35.39,11
100371,Sneha Patel,CSE,3,0.87,43.1,71
100370,Vikram Kumar,ME,2,0.92,94.3,56
100369,Ananya Verma,ME,3,3.8,78.39,19
100368,Rohan Rao,CE,2,7.72,29.54,31
100367,Kabir Jha,CE,4,3.56,94.11,55
100366,Sneha Rao,EEE,7,9.69,32.64,81
100365,Ananya Joshi,ME,1,0.98,23.21,9
100364,Vikram Joshi,ME,7,7.56,14.0,88
100363,Diya Gupta,CE,2,2.99,56.4,72
100362,Aditya Rao,CSE,3,9.29,31.45,26
100361,Diya Jha,ME,1,9.24,68.44,35
100360,Diya Verma,EEE,1,2.3,90.13,88
100359,Aarav Gupta,CSE,8,8.45,64.49,42
100358,Aarav Verma,CE,7,3.77,47.6,81
100357,Isha Rao,ECE,4,3.0,82.81,10
100356,Aditya Patel,ME,5,7.95,7.9,51
100355,Vikram Gupta,CSE,2,5.24,24.1,79
100354,Aarav Joshi,ME,5,0.17,81.32,86
100353,Diya Jha,CE,1,0.07,55.16,1
100352,Rohan Sharma,ECE,8,3.73,61.78,85
100351,Aarav Sharma,CE,3,8.43,23.14,90
100350,Rohan Joshi,CSE,1,8.39,7.43,85
100349,Isha Jha,ECE,6,1.69,72.03,62
100348,Priya Jha,EEE,6,2.57,82.16,92
100347,Diya Reddy,ME,3,1.96,23.0,72
100346,Aarav Rao,ECE,3,0.16,55.33,74
100345,Isha Verma,CE,6,9.14,37.07,52
100344,Kabir Reddy,CE,6,3.08,35.96,63
100343,Isha Singh,EEE,4,3.97,23.93,41
100342,Kabir Sharma,ECE,4,9.62,11.73,96
100341,Ananya Singh,EEE,4,4.79,86.95,42
100340,Aditya Singh,CSE,5,3.77,60.5,5
100339,Kabir Singh,ME,2,9.22,84.71,11
100338,Aarav Joshi,CE,7,5.57,13.41,31
100337,Aditya Jha,ECE,4,3.01,70.76,59
100336,Vikram Joshi,ME,7,4.08,29.99,23
100335,Rohan Reddy,EEE,8,0.47,34.44,82
100334,Aditya Singh,CE,5,2.75,55.67,75
100333,Sneha Rao,EEE,6,2.37,87.63,84
100332,Aarav Gupta,EEE,5,2.34,91.64,73
100331,Aarav Singh,CSE,7,4.39,53.98,96
100330,Aarav Singh,ECE,2,1.01,3.36,76
100329,Rohan Patel,ECE,2,0.32,66.02,78
100328,Aditya Reddy,EEE,7,8.23,24.75,44
100327,Aditya Gupta,ECE,1,7.56,97.85,59
100326,Ananya Joshi,ECE,6,1.19,99.28,50
100325,Vikram Kumar,CE,8,8.7,90.68,48
100324,Ananya Jha,CSE,5,4.09,76.9,98
100323,Ananya Sharma,CE,6,7.0,54.12,7
100322,Kabir Sharma,CE,5,8.16,74.58,74
100321,Isha Gupta,EEE,7,4.57,5.77,59
100320,Priya Rao,CE,2,8.99,44.55,7
100319,Diya Joshi,ECE,3,3.28,52.03,14
100318,Ananya Rao,CSE,1,8.29,90.29,25
100317,Aditya Singh,ECE,2,5.26,52.82,46
100316,Isha Gupta,CE,6,4.16,54.92,60
100315,Kabir Verma,ME,6,6.15,21.91,17
100314,Ananya Jha,ME,3,4.05,50.25,90
100313,Diya Rao,CSE,5,6.54,69.28,7
100312,Kabir Reddy,ECE,8,7.54,95.4,38
100311,Vikram Verma,ECE,3,4.77,93.58,0
100310,Priya Gupta,EEE,7,8.27,51.53,11
100309,Kabir Gupta,CSE,6,7.91,56.78,96
100308,Isha Patel,ECE,2,3.31,73.11,82
100307,Kabir Jha,EEE,8,8.89,13.42,64
100306,Rohan Patel,CSE,1,2.98,60.28,42
100305,Rohan Reddy,ECE,1,9.97,39.7,63
100304,Aarav Verma,EEE,4,5.35,72.31,4
100303,Vikram Jha,CE,4,7.56,28.72,36
100302,Isha Verma,ECE,1,9.65,97.79,20
100301,Aarav Joshi,ECE,4,0.52,41.33,91
100300,Aditya Patel,ECE,2,6.16,58.68,31
100299,Sneha Jha,ME,8,2.14,82.8,34
100298,Vikram Kumar,ECE,5,0.42,95.53,10
100297,Sneha Joshi,ME,5,1.22,67.66,48
100296,Priya Patel,ME,4,6.9,48.9,61
100295,Kabir Rao,CE,4,9.57,27.9,38
100294,Sneha Gupta,CE,6,5.46,67.59,92
100293,Rohan Joshi,ECE,6,9.98,47.84,48
100292,Vikram Joshi,EEE,8,8.73,73.58,7
100291,Priya Sharma,CE,6,4.19,41.3,26
100290,Diya Reddy,ECE,4,0.32,94.82,14
100289,Diya Rao,ECE,1,5.84,17.05,80
100288,Diya Patel,CSE,8,2.66,65.56,99
100287,Diya Patel,CE,1,3.68,67.38,53
100286,Vikram Rao,ME,6,5.07,50.97,62
100285,Isha Gupta,EEE,3,3.28,61.31,20
100284,Aarav Sharma,CSE,3,7.14,80.4,66
100283,Sneha Joshi,ME,3,1.99,50.91,64
100282,Kabir Rao,EEE,2,1.29,9.67,47
100281,Sneha Joshi,ME,2,3.86,45.04,70
100280,Sneha Reddy,ME,1,4.01,57.03,24
100279,Isha Patel,EEE,1,8.47,43.09,33
100278,Isha Singh,ECE,6,0.49,28.14,76
100277,Isha Jha,ME,8,0.23,94.52,64
100276,Sneha Rao,ME,4,7.63,49.83,65
100275,Aarav Patel,CE,7,2.48,86.53,20
100274,Sneha Singh,CE,2,2.67,24.79,12
100273,Sneha Kumar,CE,3,7.61,51.5,13
100272,Isha Jha,ECE,6,6.07,31.26,91
100271,Vikram Patel,CE,2,6.89,15.81,53
100270,Diya Sharma,CE,5,6.42,30.21,31
100269,Ananya Sharma,EEE,5,6.51,76.7,53
100268,Rohan Gupta,EEE,6,8.43,56.36,3
100267,Kabir Gupta,ME,2,5.03,16.86,74
100266,Sneha Joshi,ME,2,2.51,63.51,70
100265,Aditya Gupta,ME,3,1.62,93.47,28
100264,Diya Gupta,ECE,7,5.03,86.82,15
100263,Ananya Jha,CE,6,1.28,82.91,70
100262,Isha Joshi,CE,7,8.23,7.38,40
100261,Aditya Gupta,EEE,2,0.66,39.82,91
100260,Rohan Singh,CE,1,3.61,57.23,59
100259,Kabir Gupta,ECE,6,5.09,12.14,25
100258,Isha Verma,ME,6,7.1,55.0,37
100257,Kabir Jha,ECE,2,1.36,7.41,22
100256,Aditya Verma,ME,5,7.04,21.46,78
100255,Kabir Singh,CSE,1,7.36,49.9,49
100254,Isha Verma,EEE,3,5.29,39.8,83
100253,Vikram Rao,CSE,3,6.79,94.88,47
100252,Isha Sharma,ECE,2,2.36,64.52,46
100251,Ananya Reddy,ME,3,9.53,14.28,77
100250,Sneha Rao,CE,5,6.39,79.15,7
100249,Isha Rao,CE,3,6.9,35.15,5
100248,Aditya Patel,ME,2,0.8,66.09,39
100247,Kabir Verma,CE,2,4.31,99.51,23
100246,Vikram Kumar,ECE,8,6.92,36.73,66
100245,Sneha Patel,CSE,6,4.37,40.0,56
100244,Aarav Singh,ME,6,8.62,4.78,83
100243,Sneha Patel,EEE,7,9.89,54.3,32
100242,Isha Sharma,ME,4,0.44,19.95,5
100241,Rohan Jha,CE,3,8.11,6.31,99
100240,Ananya Rao,ME,3,0.44,54.6,82
100239,Sneha Patel,CSE,6,7.89,34.48,93
100238,Aditya Joshi,CSE,7,8.73,4.35,49
100237,Rohan Verma,EEE,6,0.68,52.61,64
100236,Rohan Patel,CE,1,6.15,24.06,53
100235,Ananya Jha,EEE,1,6.32,57.5,91
100234,Ananya Sharma,ECE,7,6.39,62.28,8
100233,Rohan Joshi,EEE,7,1.11,28.81,38
100232,Isha Jha,EEE,1,9.06,1.9,27
100231,Rohan Sharma,ME,8,6.96,13.88,90
100230,Priya Sharma,ME,2,8.39,65.0,18
100229,Aarav Reddy,EEE,6,2.36,99.45,47
100228,Vikram Verma,ECE,8,8.85,93.05,53
100227,Ananya Patel,CSE,3,2.73,90.53,18
100226,Kabir Sharma,CE,6,5.55,10.26,66
100225,Aditya Joshi,CE,3,8.17,80.13,17
100224,Isha Singh,ME,8,4.62,28.18,48
100223,Isha Rao,ME,8,2.34,23.92,100
100222,Diya Gupta,CE,1,4.11,67.64,30
100221,Rohan Rao,CE,3,1.62,83.13,98
100220,Ananya Joshi,EEE,1,6.62,87.64,79
100219,Sneha Jha,ECE,4,10.0,15.49,37
100218,Aditya Verma,CE,6,0.18,30.89,27
100217,Aditya Reddy,ME,3,6.7,82.9,94
100216,Sneha Patel,CE,3,5.95,93.8,39
100215,Kabir Patel,EEE,3,3.33,58.27,18
100214,Diya Sharma,ME,2,3.3,55.8,49
100213,Rohan Kumar,ME,5,3.87,77.45,86
100212,Rohan Sharma,ECE,8,9.91,52.41,78
100211,Aarav Jha,CSE,6,9.82,8.43,82
100210,Aarav Jha,EEE,4,3.22,47.56,19
100209,Diya Rao,EEE,7,4.63,55.43,94
100208,Isha Sharma,CSE,6,8.32,7.67,11
100207,Kabir Patel,EEE,1,3.52,7.42,59
100206,Diya Rao,ME,6,1.51,6.83,56
100205,Ananya Gupta,CE,8,7.54,75.99,57
100204,Rohan Singh,CSE,3,2.56,17.35,19
100203,Aditya Verma,EEE,4,9.06,34.94,93
100202,Ananya Reddy,ME,6,2.22,77.91,9
100201,Sneha Verma,CE,2,2.43,58.89,67
100200,Vikram Sharma,ME,3,8.01,61.81,88
100199,Diya Reddy,EEE,7,7.09,41.77,14
100198,Ananya Reddy,CSE,7,0.19,92.12,40
100197,Rohan Reddy,EEE,4,5.0,83.34,45
100196,Kabir Patel,ME,2,0.08,74.7,22
100195,Aarav Sharma,ECE,5,9.45,76.73,97
100194,Diya Jha,EEE,5,0.45,39.53,76
100193,Priya Joshi,CSE,6,4.3,28.32,86
100192,Ananya Patel,CE,7,4.86,44.2,34
100191,Diya Rao,CSE,1,1.56,75.44,6
100190,Vikram Jha,ME,3,3.7,72.16,99
100189,Vikram Verma,ECE,1,0.92,53.05,48
100188,Kabir Kumar,ME,1,1.81,14.33,84
100187,Diya Joshi,CSE,5,0.29,27.33,97
100186,Kabir Rao,ECE,7,8.45,97.45,79
100185,Isha Singh,CSE,6,8.45,36.76,97
100184,Diya Patel,ME,2,5.78,21.27,84
100183,Ananya Reddy,ME,7,8.68,72.11,36
100182,Ananya Kumar,ECE,1,5.86,56.16,42
100181,Sneha Gupta,CE,2,0.91,8.54,55
100180,Isha Reddy,CE,2,3.13,31.25,32
100179,Ananya Joshi,ECE,7,4.52,22.85,43
100178,Sneha Reddy,EEE,5,4.54,60.54,12
100177,Rohan Verma,ECE,5,6.24,58.54,91
100176,Vikram Verma,CE,8,0.73,8.08,77
100175,Aditya Patel,CE,1,0.61,47.9,51
100174,Diya Verma,CE,4,9.45,4.34,100
100173,Vikram Joshi,CSE,2,4.76,77.8,65
100172,Sneha Singh,EEE,6,0.16,26.54,16
100171,Aditya Patel,ECE,2,6.61,2.58,1
100170,Sneha Gupta,EEE,1,2.77,98.4,16
100169,Diya Singh,CSE,4,5.86,81.31,29
100168,Ananya Singh,EEE,1,0.51,33.35,16
100167,Aarav Reddy,ME,4,9.68,94.9,58
100166,Priya Kumar,CSE,6,5.44,97.78,45
100165,Diya Reddy,ME,1,6.9,21.73,56
100164,Aditya Reddy,EEE,3,8.85,65.49,62
100163,Priya Joshi,ECE,7,4.54,67.05,95
100162,Ananya Gupta,CSE,1,3.04,49.26,12
100161,Diya Singh,CSE,8,9.09,30.22,52
100160,Ananya Singh,CE,1,6.2,94.32,41
100159,Ananya Jha,ME,5,5.85,82.24,47
100158,Vikram Joshi,ME,2,7.91,1.39,68
100157,Kabir Kumar,CSE,8,9.63,14.08,28
100156,Aditya Kumar,EEE,5,8.3,25.7,61
100155,Rohan Verma,ME,6,7.47,17.56,16
100154,Rohan Verma,CSE,5,7.89,3.34,46
100153,Priya Singh,EEE,5,6.78,72.09,84
100152,Aarav Rao,CE,5,7.76,23.01,45
100151,Kabir Patel,CSE,7,2.74,56.59,87
100150,Priya Reddy,CE,2,2.37,57.19,73
100149,Sneha Rao,ME,7,6.9,45.68,38
100148,Kabir Sharma,CE,5,6.78,15.8,56
100147,Priya Jha,EEE,3,2.32,63.79,58
100146,Rohan Gupta,ECE,2,6.09,38.25,87
100145,Kabir Kumar,ME,7,1.46,53.12,72
100144,Ananya Jha,ECE,5,9.03,4.6,7
100143,Kabir Singh,CSE,7,9.78,76.04,90
100142,Sneha Jha,EEE,1,6.17,23.48,87
100141,Diya Reddy,CSE,6,8.52,85.93,48
100140,Rohan Reddy,ECE,2,4.69,96.92,43
100139,Sneha Verma,CE,2,5.26,45.69,92
100138,Vikram Reddy,ECE,8,9.65,12.62,75
100137,Diya Reddy,ECE,7,0.44,74.47,90
100136,Aditya Reddy,CE,6,8.7,98.08,30
100135,Diya Jha,ECE,8,5.39,34.51,70
100134,Sneha Joshi,ME,1,2.83,29.86,75
100133,Priya Rao,EEE,3,8.64,27.62,53
100132,Kabir Reddy,CE,8,2.44,55.13,49
100131,Isha Verma,ECE,8,9.33,29.19,90
100130,Rohan Patel,EEE,1,5.52,9.32,14
100129,Isha Jha,CSE,1,9.73,60.89,30
100128,Diya Jha,CE,1,2.04,54.92,36
100127,Vikram Joshi,CSE,8,4.13,18.76,46
100126,Aditya Sharma,CE,2,3.15,32.33,98
100125,Sneha Reddy,CE,5,6.63,40.05,97
100124,Isha Kumar,CE,6,3.21,10.46,20
100123,Isha Patel,ECE,7,6.35,49.17,11
100122,Diya Sharma,ME,1,7.63,17.52,66
100121,Sneha Rao,ME,1,0.91,96.19,73
100120,Aditya Joshi,CE,8,0.8,3.99,55
100119,Kabir Jha,CSE,8,6.89,69.97,34
100118,Rohan Verma,CSE,3,7.93,59.5,72
100117,Diya Singh,CE,2,5.45,64.76,34
100116,Priya Patel,ME,8,0.71,23.34,33
100115,Rohan Sharma,CE,8,6.89,46.99,4
100114,Priya Singh,ME,2,1.57,17.38,9
100113,Kabir Rao,EEE,1,6.1,74.01,97
100112,Aditya Reddy,CE,8,2.97,58.85,54
100111,Priya Verma,EEE,7,6.06,79.07,28
100110,Diya Sharma,ECE,3,8.11,94.91,10
100109,Aarav Patel,CE,2,8.22,40.07,9
100108,Isha Verma,CSE,5,4.69,44.05,23
100107,Aarav Sharma,EEE,5,6.97,12.63,96
100106,Priya Kumar,ECE,5,0.14,53.41,35
100105,Diya Joshi,EEE,5,9.81,83.26,37
100104,Priya Kumar,CSE,3,1.92,73.86,35
100103,Aditya Kumar,ME,8,2.71,25.14,15
100102,Kabir Rao,ME,8,5.53,34.38,95
100101,Isha Jha,CSE,2,2.94,40.44,31
100100,Ananya Singh,CE,8,5.55,24.03,60
100099,Sneha Patel,EEE,5,5.56,51.66,24
100098,Aarav Jha,ME,3,4.88,35.48,33
100097,Kabir Jha,ECE,8,5.7,66.82,43
100096,Isha Jha,CE,5,3.22,24.55,11
100095,Rohan Reddy,ECE,5,6.16,91.96,99
100094,Vikram Jha,CSE,7,9.61,63.56,58
100093,Sneha Joshi,CE,6,0.69,64.75,1
100092,Ananya Patel,EEE,2,7.96,56.59,5
100091,Vikram Reddy,ECE,2,5.92,83.06,31
100090,Ananya Gupta,ME,2,5.79,92.89,73
100089,Isha Patel,ME,3,6.06,96.37,91
100088,Diya Gupta,ECE,3,4.74,11.44,27
100087,Priya Verma,CSE,1,9.5,19.94,2
100086,Kabir Verma,CE,1,7.49,5.21,44
100085,Isha Kumar,ME,7,2.78,95.12,53
100084,Vikram Gupta,CE,3,0.5,37.91,27
100083,Diya Joshi,CSE,7,5.92,66.3,10
100082,Aarav Reddy,ME,7,7.24,84.05,16
100081,Aditya Joshi,EEE,4,4.88,27.29,62
100080,Isha Sharma,ME,5,7.53,85.34,53
100079,Priya Reddy,CE,1,8.57,76.56,48
100078,Priya Verma,CE,7,3.31,46.59,7
100077,Sneha Joshi,CSE,3,1.51,38.3,19
100076,Priya Patel,CE,2,7.14,23.45,42
100075,Isha Patel,ECE,5,7.66,52.13,80
100074,Aditya Reddy,EEE,8,8.97,74.37,60
100073,Aditya Joshi,EEE,6,9.5,89.14,78
100072,Aarav Joshi,ECE,2,4.56,80.14,85
100071,Ananya Reddy,ECE,3,8.04,69.59,59
100070,Priya Reddy,CE,7,2.44,65.61,0
100069,Aarav Singh,CE,2,4.55,88.61,73
100068,Sneha Verma,ECE,5,2.25,19.91,3
100067,Aditya Jha,ECE,2,2.84,66.39,79
100066,Kabir Singh,CE,6,4.65,44.22,27
100065,Rohan Rao,EEE,5,4.06,83.37,38
100064,Vikram Patel,EEE,3,1.92,66.49,48
100063,Diya Kumar,CSE,5,5.07,66.69,41
100062,Aditya Joshi,ECE,6,4.31,94.89,42
100061,Aditya Verma,CE,4,2.55,70.88,0
100060,Ananya Rao,CE,6,7.29,31.37,77
100059,Aarav Verma,ME,3,5.81,98.36,4
100058,Kabir Kumar,EEE,7,6.8,84.37,42
100057,Priya Sharma,ECE,7,3.28,86.44,98
100056,Isha Singh,ECE,8,3.5,82.05,29
100055,Vikram Singh,ME,3,7.87,10.81,4
100054,Rohan Gupta,CE,1,1.79,92.45,100
100053,Ananya Kumar,EEE,7,9.74,74.95,30
100052,Aarav Patel,ME,1,8.99,21.01,31
100051,Rohan Joshi,CSE,6,5.83,14.81,16
100050,Kabir Gupta,CE,7,5.61,11.19,88
100049,Ananya Reddy,ME,1,0.04,77.11,81
100048,Sneha Singh,ME,8,2.51,90.82,6
100047,Kabir Verma,CSE,3,2.72,60.48,91
100046,Diya Joshi,CSE,5,9.32,10.36,17
100045,Priya Kumar,ME,3,4.38,54.32,38
100044,Ananya Joshi,ECE,5,1.32,34.9,8
100043,Sneha Verma,CSE,8,6.21,56.3,12
100042,Sneha Singh,ME,7,1.31,64.55,58
100041,Vikram Rao,EEE,6,9.35,20.43,91
100040,Priya Reddy,CSE,4,5.79,3.97,10
100039,Aditya Gupta,CSE,2,8.51,6.85,8
100038,Diya Joshi,CSE,6,0.57,58.42,64
100037,Isha Patel,CE,8,1.55,29.67,7
100036,Aarav Gupta,CE,1,9.85,26.52,100
100035,Ananya Singh,ECE,7,4.86,21.37,51
100034,Priya Verma,CE,2,0.51,99.93,1
100033,Priya Singh,ECE,8,1.4,18.35,59
100032,Aarav Verma,CSE,7,7.28,80.06,13
100031,Ananya Verma,CE,6,4.24,46.7,93
100030,Diya Rao,CE,4,7.85,80.75,24
100029,Ananya Joshi,ECE,5,6.69,21.42,16
100028,Priya Sharma,CSE,1,2.29,90.54,42
100027,Priya Singh,CSE,6,0.21,55.39,75
100026,Priya Patel,CE,6,4.38,51.76,15
100025,Rohan Patel,EEE,7,9.64,92.89,96
100024,Isha Verma,EEE,3,1.28,47.53,70
100023,Kabir Singh,CSE,4,8.78,94.69,10
100022,Aditya Sharma,EEE,6,4.89,11.19,46
100021,Aditya Rao,ECE,3,3.74,16.15,99
100020,Kabir Joshi,ECE,2,8.71,29.84,81
100019,Kabir Kumar,CSE,5,4.35,45.37,92
100018,Isha Joshi,ME,1,6.8,11.46,68
100017,Ananya Gupta,ECE,7,5.96,38.48,76
100016,Vikram Kumar,ECE,3,5.1,9.09,6
100015,Kabir Gupta,ECE,5,7.47,42.84,74
100014,Sneha Singh,CE,7,8.85,64.29,18
100013,Vikram Patel,CSE,4,9.13,56.72,91
100012,Aditya Singh,ME,1,2.29,3.21,40
100011,Ananya Rao,ECE,4,1.63,37.95,81
100010,Rohan Kumar,ME,4,6.7,70.18,87
100009,Kabir Verma,ECE,2,3.8,45.34,46
100008,Diya Kumar,EEE,4,7.05,4.58,29
100007,Isha Joshi,CSE,7,0.79,29.32,80
100006,Ananya Reddy,CSE,6,8.47,60.37,5
100005,Vikram Kumar,ME,3,2.15,76.35,13
100004,Priya Jha,EEE,5,8.09,0.65,20
100003,Aditya Rao,CSE,4,7.16,70.13,53
100002,Aditya Verma,EEE,7,0.32,9.37,29
100001,Ananya Sharma,ME,4,2.23,73.65,86
